model,val_acc,test_acc
smallcnn,0.8133333333333334,0.8133333333333334
mobilenetv2,0.9283333333333333,0.9206666666666666
resnet18,0.933,0.9276666666666666
